{
  "median_score": 0.029268292682926828,
  "mean_score": 0.03982525980672091,
  "min_score": 0.004878048780487805,
  "max_score": 0.6,
  "total_hexagons": 5894
}