{
  "fast": {
    "lumo_score": 0.1414141414141414,
    "total_hexagons": 99,
    "unsafe_hexagons": 14
  },
  "bright": {
    "lumo_score": 0.1414141414141414,
    "total_hexagons": 97,
    "unsafe_hexagons": 13
  }
}