{
  "fast": {
    "lumo_score": 0.3194444444444444,
    "total_hexagons": 72,
    "unsafe_hexagons": 23
  },
  "bright": {
    "lumo_score": 0.3194444444444444,
    "total_hexagons": 66,
    "unsafe_hexagons": 21
  }
}